frequency,sensitivity
0.0,-177.9
1.0,-177.9
2.0,-177.9
3.0,-177.9
4.0,-177.9
5.0,-177.9
6.0,-177.9
7.0,-177.9
8.0,-177.9
9.0,-177.9
10.0,-177.9
11.0,-177.9
12.0,-177.9
13.0,-177.9
14.0,-177.9
15.0,-177.9
16.0,-177.9
17.0,-177.9
18.0,-177.9
19.0,-177.9
20.0,-177.9
21.0,-177.9
22.0,-177.9
23.0,-177.9
24.0,-177.9
25.0,-177.9
26.0,-177.9
27.0,-177.9
28.0,-177.9
29.0,-177.9
30.0,-177.9
31.0,-177.9
32.0,-177.9
33.0,-177.9
34.0,-177.9
35.0,-177.9
36.0,-177.9
37.0,-177.9
38.0,-177.9
39.0,-177.9
40.0,-177.9
41.0,-177.9
42.0,-177.9
43.0,-177.9
44.0,-177.9
45.0,-177.9
46.0,-177.9
47.0,-177.9
48.0,-177.9
49.0,-177.9
50.0,-177.9
51.0,-177.9
52.0,-177.9
53.0,-177.9
54.0,-177.9
55.0,-177.9
56.0,-177.9
57.0,-177.9
58.0,-177.9
59.0,-177.9
60.0,-177.9
61.0,-177.9
62.0,-177.9
63.0,-177.9
64.0,-177.9
65.0,-177.9
66.0,-177.9
67.0,-177.9
68.0,-177.9
69.0,-177.9
70.0,-177.9
71.0,-177.9
72.0,-177.9
73.0,-177.9
74.0,-177.9
75.0,-177.9
76.0,-177.9
77.0,-177.9
78.0,-177.9
79.0,-177.9
80.0,-177.9
81.0,-177.9
82.0,-177.9
83.0,-177.9
84.0,-177.9
85.0,-177.9
86.0,-177.9
87.0,-177.9
88.0,-177.9
89.0,-177.9
90.0,-177.9
91.0,-177.9
92.0,-177.9
93.0,-177.9
94.0,-177.9
95.0,-177.9
96.0,-177.9
97.0,-177.9
98.0,-177.9
99.0,-177.9
100.0,-177.9
101.0,-177.9
102.0,-177.9
103.0,-177.9
104.0,-177.9
105.0,-177.9
106.0,-177.9
107.0,-177.9
108.0,-177.9
109.0,-177.9
110.0,-177.9
111.0,-177.9
112.0,-177.9
113.0,-177.9
114.0,-177.9
115.0,-177.9
116.0,-177.9
117.0,-177.9
118.0,-177.9
119.0,-177.9
120.0,-177.9
121.0,-177.9
122.0,-177.9
123.0,-177.9
124.0,-177.9
125.0,-177.9
126.0,-177.9
127.0,-177.9
128.0,-177.9
129.0,-177.9
130.0,-177.9
131.0,-177.9
132.0,-177.9
133.0,-177.9
134.0,-177.9
135.0,-177.9
136.0,-177.9
137.0,-177.9
138.0,-177.9
139.0,-177.9
140.0,-177.9
141.0,-177.9
142.0,-177.9
143.0,-177.9
144.0,-177.9
145.0,-177.9
146.0,-177.9
147.0,-177.9
148.0,-177.9
149.0,-177.9
150.0,-177.9
151.0,-177.9
152.0,-177.9
153.0,-177.9
154.0,-177.9
155.0,-177.9
156.0,-177.9
157.0,-177.9
158.0,-177.9
159.0,-177.9
160.0,-177.9
161.0,-177.9
162.0,-177.9
163.0,-177.9
164.0,-177.9
165.0,-177.9
166.0,-177.9
167.0,-177.9
168.0,-177.9
169.0,-177.9
170.0,-177.9
171.0,-177.9
172.0,-177.9
173.0,-177.9
174.0,-177.9
175.0,-177.9
176.0,-177.9
177.0,-177.9
178.0,-177.9
179.0,-177.9
180.0,-177.9
181.0,-177.9
182.0,-177.9
183.0,-177.9
184.0,-177.9
185.0,-177.9
186.0,-177.9
187.0,-177.9
188.0,-177.9
189.0,-177.9
190.0,-177.9
191.0,-177.9
192.0,-177.9
193.0,-177.9
194.0,-177.9
195.0,-177.9
196.0,-177.9
197.0,-177.9
198.0,-177.9
199.0,-177.9
200.0,-177.9
201.0,-177.9
202.0,-177.9
203.0,-177.9
204.0,-177.9
205.0,-177.9
206.0,-177.9
207.0,-177.9
208.0,-177.9
209.0,-177.9
210.0,-177.9
211.0,-177.9
212.0,-177.9
213.0,-177.9
214.0,-177.9
215.0,-177.9
216.0,-177.9
217.0,-177.9
218.0,-177.9
219.0,-177.9
220.0,-177.9
221.0,-177.9
222.0,-177.9
223.0,-177.9
224.0,-177.9
225.0,-177.9
226.0,-177.9
227.0,-177.9
228.0,-177.9
229.0,-177.9
230.0,-177.9
231.0,-177.9
232.0,-177.9
233.0,-177.9
234.0,-177.9
235.0,-177.9
236.0,-177.9
237.0,-177.9
238.0,-177.9
239.0,-177.9
240.0,-177.9
241.0,-177.9
242.0,-177.9
243.0,-177.9
244.0,-177.9
245.0,-177.9
246.0,-177.9
247.0,-177.9
248.0,-177.9
249.0,-177.9
250.0,-177.9
251.0,-177.9
252.0,-177.9
253.0,-177.9
254.0,-177.9
255.0,-177.9
256.0,-177.9
257.0,-177.9
258.0,-177.9
259.0,-177.9
260.0,-177.9
261.0,-177.9
262.0,-177.9
263.0,-177.9
264.0,-177.9
265.0,-177.9
266.0,-177.9
267.0,-177.9
268.0,-177.9
269.0,-177.9
270.0,-177.9
271.0,-177.9
272.0,-177.9
273.0,-177.9
274.0,-177.9
275.0,-177.9
276.0,-177.9
277.0,-177.9
278.0,-177.9
279.0,-177.9
280.0,-177.9
281.0,-177.9
282.0,-177.9
283.0,-177.9
284.0,-177.9
285.0,-177.9
286.0,-177.9
287.0,-177.9
288.0,-177.9
289.0,-177.9
290.0,-177.9
291.0,-177.9
292.0,-177.9
293.0,-177.9
294.0,-177.9
295.0,-177.9
296.0,-177.9
297.0,-177.9
298.0,-177.9
299.0,-177.9
300.0,-177.9
301.0,-177.9
302.0,-177.9
303.0,-177.9
304.0,-177.9
305.0,-177.9
306.0,-177.9
307.0,-177.9
308.0,-177.9
309.0,-177.9
310.0,-177.9
311.0,-177.9
312.0,-177.9
313.0,-177.9
314.0,-177.9
315.0,-177.9
316.0,-177.9
317.0,-177.9
318.0,-177.9
319.0,-177.9
320.0,-177.9
321.0,-177.9
322.0,-177.9
323.0,-177.9
324.0,-177.9
325.0,-177.9
326.0,-177.9
327.0,-177.9
328.0,-177.9
329.0,-177.9
330.0,-177.9
331.0,-177.9
332.0,-177.9
333.0,-177.9
334.0,-177.9
335.0,-177.9
336.0,-177.9
337.0,-177.9
338.0,-177.9
339.0,-177.9
340.0,-177.9
341.0,-177.9
342.0,-177.9
343.0,-177.9
344.0,-177.9
345.0,-177.9
346.0,-177.9
347.0,-177.9
348.0,-177.9
349.0,-177.9
350.0,-177.9
351.0,-177.9
352.0,-177.9
353.0,-177.9
354.0,-177.9
355.0,-177.9
356.0,-177.9
357.0,-177.9
358.0,-177.9
359.0,-177.9
360.0,-177.9
361.0,-177.9
362.0,-177.9
363.0,-177.9
364.0,-177.9
365.0,-177.9
366.0,-177.9
367.0,-177.9
368.0,-177.9
369.0,-177.9
370.0,-177.9
371.0,-177.9
372.0,-177.9
373.0,-177.9
374.0,-177.9
375.0,-177.9
376.0,-177.9
377.0,-177.9
378.0,-177.9
379.0,-177.9
380.0,-177.9
381.0,-177.9
382.0,-177.9
383.0,-177.9
384.0,-177.9
385.0,-177.9
386.0,-177.9
387.0,-177.9
388.0,-177.9
389.0,-177.9
390.0,-177.9
391.0,-177.9
392.0,-177.9
393.0,-177.9
394.0,-177.9
395.0,-177.9
396.0,-177.9
397.0,-177.9
398.0,-177.9
399.0,-177.9
400.0,-177.9
401.0,-177.9
402.0,-177.9
403.0,-177.9
404.0,-177.9
405.0,-177.9
406.0,-177.9
407.0,-177.9
408.0,-177.9
409.0,-177.9
410.0,-177.9
411.0,-177.9
412.0,-177.9
413.0,-177.9
414.0,-177.9
415.0,-177.9
416.0,-177.9
417.0,-177.9
418.0,-177.9
419.0,-177.9
420.0,-177.9
421.0,-177.9
422.0,-177.9
423.0,-177.9
424.0,-177.9
425.0,-177.9
426.0,-177.9
427.0,-177.9
428.0,-177.9
429.0,-177.9
430.0,-177.9
431.0,-177.9
432.0,-177.9
433.0,-177.9
434.0,-177.9
435.0,-177.9
436.0,-177.9
437.0,-177.9
438.0,-177.9
439.0,-177.9
440.0,-177.9
441.1,-177.9
442.1,-177.9
443.1,-177.9
444.1,-177.9
445.1,-177.9
446.2,-177.9
447.2,-177.9
448.2,-177.9
449.3,-177.9
450.3,-177.9
451.3,-177.9
452.4,-177.9
453.4,-177.9
454.5,-177.9
455.5,-177.9
456.6,-177.9
457.6,-177.9
458.7,-177.9
459.7,-177.9
460.8,-177.9
461.8,-177.9
462.9,-177.9
464.0,-177.9
465.1,-177.9
466.1,-177.9
467.2,-177.9
468.3,-177.9
469.4,-177.9
470.4,-177.9
471.5,-177.9
472.6,-177.9
473.7,-177.9
474.8,-177.9
475.9,-177.9
477.0,-177.9
478.1,-177.9
479.2,-177.9
480.3,-177.9
481.4,-177.9
482.5,-177.9
483.6,-177.9
484.7,-177.9
485.8,-177.9
487.0,-177.9
488.1,-177.9
489.2,-177.9
490.3,-177.9
491.5,-177.9
492.6,-177.9
493.7,-177.9
494.9,-177.9
496.0,-177.9
497.2,-177.9
498.3,-177.9
499.5,-177.9
500.6,-177.9
501.8,-177.9
502.9,-177.9
504.1,-177.9
505.2,-177.9
506.4,-177.9
507.6,-177.9
508.7,-177.9
509.9,-177.9
511.1,-177.9
512.3,-177.9
513.5,-177.9
514.6,-177.9
515.8,-177.9
517.0,-177.9
518.2,-177.9
519.4,-177.9
520.6,-177.9
521.8,-177.9
523.0,-177.9
524.2,-177.9
525.4,-177.9
526.6,-177.9
527.8,-177.9
529.1,-177.9
530.3,-177.9
531.5,-177.9
532.7,-177.9
533.9,-177.9
535.2,-177.9
536.4,-177.9
537.7,-177.9
538.9,-177.9
540.1,-177.9
541.4,-177.9
542.6,-177.9
543.9,-177.9
545.1,-177.9
546.4,-177.9
547.6,-177.9
548.9,-177.9
550.2,-177.9
551.4,-177.9
552.7,-177.9
554.0,-177.9
555.3,-177.9
556.5,-177.9
557.8,-177.9
559.1,-177.9
560.4,-177.9
561.7,-177.9
563.0,-177.9
564.3,-177.9
565.6,-177.9
566.9,-177.9
568.2,-177.9
569.5,-177.9
570.8,-177.9
572.1,-177.9
573.5,-177.9
574.8,-177.9
576.1,-177.9
577.4,-177.9
578.8,-177.9
580.1,-177.9
581.4,-177.9
582.8,-177.9
584.1,-177.9
585.5,-177.9
586.8,-177.9
588.2,-177.9
589.5,-177.9
590.9,-177.9
592.2,-177.9
593.6,-177.9
595.0,-177.9
596.3,-177.9
597.7,-177.9
599.1,-177.9
600.5,-177.9
601.9,-177.9
603.3,-177.9
604.6,-177.9
606.0,-177.9
607.4,-177.9
608.8,-177.9
610.2,-177.9
611.6,-177.9
613.1,-177.9
614.5,-177.9
615.9,-177.9
617.3,-177.9
618.7,-177.9
620.2,-177.9
621.6,-177.9
623.0,-177.9
624.5,-177.9
625.9,-177.9
627.3,-177.9
628.8,-177.9
630.2,-177.9
631.7,-177.9
633.1,-177.9
634.6,-177.9
636.1,-177.9
637.5,-177.9
639.0,-177.9
640.5,-177.9
641.9,-177.9
643.4,-177.9
644.9,-177.9
646.4,-177.9
647.9,-177.9
649.4,-177.9
650.9,-177.9
652.4,-177.9
653.9,-177.9
655.4,-177.9
656.9,-177.9
658.4,-177.9
659.9,-177.9
661.5,-177.9
663.0,-177.9
664.5,-177.9
666.0,-177.9
667.6,-177.9
669.1,-177.9
670.7,-177.9
672.2,-177.9
673.8,-177.9
675.3,-177.9
676.9,-177.9
678.4,-177.9
680.0,-177.9
681.6,-177.9
683.1,-177.9
684.7,-177.9
686.3,-177.9
687.9,-177.9
689.4,-177.9
691.0,-177.9
692.6,-177.9
694.2,-177.8
695.8,-177.8
697.4,-177.8
699.0,-177.8
700.6,-177.8
702.3,-177.8
703.9,-177.8
705.5,-177.8
707.1,-177.8
708.8,-177.8
710.4,-177.8
712.0,-177.8
713.7,-177.8
715.3,-177.8
717.0,-177.8
718.6,-177.8
720.3,-177.8
721.9,-177.8
723.6,-177.8
725.3,-177.8
726.9,-177.8
728.6,-177.8
730.3,-177.8
732.0,-177.8
733.7,-177.8
735.4,-177.8
737.1,-177.8
738.8,-177.8
740.5,-177.8
742.2,-177.8
743.9,-177.8
745.6,-177.8
747.3,-177.8
749.0,-177.8
750.8,-177.8
752.5,-177.8
754.2,-177.8
756.0,-177.8
757.7,-177.8
759.5,-177.8
761.2,-177.8
763.0,-177.8
764.7,-177.8
766.5,-177.8
768.2,-177.8
770.0,-177.8
771.8,-177.8
773.6,-177.8
775.4,-177.8
777.1,-177.8
778.9,-177.8
780.7,-177.8
782.5,-177.8
784.3,-177.8
786.1,-177.8
788.0,-177.8
789.8,-177.8
791.6,-177.8
793.4,-177.8
795.2,-177.8
797.1,-177.8
798.9,-177.8
800.8,-177.8
802.6,-177.8
804.5,-177.8
806.3,-177.8
808.2,-177.8
810.0,-177.8
811.9,-177.8
813.8,-177.8
815.6,-177.8
817.5,-177.8
819.4,-177.8
821.3,-177.8
823.2,-177.8
825.1,-177.8
827.0,-177.8
828.9,-177.8
830.8,-177.8
832.7,-177.8
834.6,-177.8
836.6,-177.8
838.5,-177.8
840.4,-177.8
842.4,-177.8
844.3,-177.8
846.3,-177.8
848.2,-177.8
850.2,-177.8
852.1,-177.8
854.1,-177.8
856.1,-177.8
858.0,-177.8
860.0,-177.8
862.0,-177.8
864.0,-177.8
866.0,-177.8
868.0,-177.8
870.0,-177.8
872.0,-177.8
874.0,-177.8
876.0,-177.8
878.0,-177.8
880.0,-177.8
882.1,-177.8
884.1,-177.8
886.1,-177.8
888.2,-177.8
890.2,-177.8
892.3,-177.8
894.3,-177.8
896.4,-177.8
898.5,-177.8
900.5,-177.8
902.6,-177.8
904.7,-177.8
906.8,-177.8
908.9,-177.8
911.0,-177.8
913.1,-177.8
915.2,-177.8
917.3,-177.8
919.4,-177.8
921.5,-177.8
923.6,-177.8
925.8,-177.8
927.9,-177.8
930.0,-177.8
932.2,-177.8
934.3,-177.8
936.5,-177.8
938.6,-177.8
940.8,-177.8
943.0,-177.8
945.1,-177.8
947.3,-177.8
949.5,-177.8
951.7,-177.8
953.9,-177.8
956.1,-177.8
958.3,-177.8
960.5,-177.8
962.7,-177.8
964.9,-177.8
967.2,-177.8
969.4,-177.8
971.6,-177.8
973.9,-177.8
976.1,-177.8
978.4,-177.8
980.6,-177.8
982.9,-177.8
985.1,-177.8
987.4,-177.8
989.7,-177.8
992.0,-177.8
994.3,-177.8
996.6,-177.8
998.8,-177.8
1001.2,-177.8
1003.5,-177.8
1005.8,-177.8
1008.1,-177.8
1010.4,-177.8
1012.7,-177.8
1015.1,-177.8
1017.4,-177.8
1019.8,-177.8
1022.1,-177.8
1024.5,-177.8
1026.8,-177.8
1029.2,-177.8
1031.6,-177.8
1034.0,-177.8
1036.3,-177.8
1038.7,-177.8
1041.1,-177.8
1043.5,-177.8
1045.9,-177.8
1048.3,-177.8
1050.8,-177.8
1053.2,-177.8
1055.6,-177.8
1058.0,-177.8
1060.5,-177.8
1062.9,-177.8
1065.4,-177.8
1067.8,-177.8
1070.3,-177.8
1072.8,-177.8
1075.2,-177.8
1077.7,-177.8
1080.2,-177.8
1082.7,-177.8
1085.2,-177.8
1087.7,-177.8
1090.2,-177.8
1092.7,-177.8
1095.2,-177.8
1097.7,-177.8
1100.3,-177.8
1102.8,-177.8
1105.4,-177.8
1107.9,-177.8
1110.5,-177.8
1113.0,-177.8
1115.6,-177.8
1118.1,-177.8
1120.7,-177.8
1123.3,-177.8
1125.9,-177.8
1128.5,-177.8
1131.1,-177.8
1133.7,-177.8
1136.3,-177.8
1138.9,-177.8
1141.6,-177.8
1144.2,-177.8
1146.8,-177.8
1149.5,-177.8
1152.1,-177.8
1154.8,-177.8
1157.4,-177.8
1160.1,-177.8
1162.8,-177.8
1165.5,-177.8
1168.2,-177.8
1170.8,-177.8
1173.5,-177.8
1176.3,-177.8
1179.0,-177.8
1181.7,-177.8
1184.4,-177.8
1187.1,-177.8
1189.9,-177.8
1192.6,-177.8
1195.4,-177.8
1198.1,-177.8
1200.9,-177.8
1203.6,-177.8
1206.4,-177.8
1209.2,-177.8
1212.0,-177.8
1214.8,-177.8
1217.6,-177.8
1220.4,-177.8
1223.2,-177.8
1226.0,-177.8
1228.9,-177.8
1231.7,-177.8
1234.5,-177.8
1237.4,-177.8
1240.2,-177.8
1243.1,-177.8
1245.9,-177.8
1248.8,-177.8
1251.7,-177.8
1254.6,-177.8
1257.5,-177.8
1260.4,-177.8
1263.3,-177.8
1266.2,-177.8
1269.1,-177.8
1272.0,-177.8
1275.0,-177.8
1277.9,-177.8
1280.9,-177.8
1283.8,-177.8
1286.8,-177.8
1289.7,-177.8
1292.7,-177.8
1295.7,-177.8
1298.7,-177.8
1301.7,-177.8
1304.7,-177.8
1307.7,-177.8
1310.7,-177.8
1313.7,-177.8
1316.7,-177.8
1319.8,-177.8
1322.8,-177.8
1325.9,-177.8
1328.9,-177.8
1332.0,-177.8
1335.1,-177.8
1338.1,-177.8
1341.2,-177.8
1344.3,-177.8
1347.4,-177.8
1350.5,-177.8
1353.6,-177.8
1356.8,-177.8
1359.9,-177.8
1363.0,-177.8
1366.2,-177.8
1369.3,-177.8
1372.5,-177.8
1375.6,-177.8
1378.8,-177.8
1382.0,-177.8
1385.2,-177.8
1388.4,-177.8
1391.6,-177.8
1394.8,-177.8
1398.0,-177.8
1401.2,-177.8
1404.4,-177.8
1407.7,-177.8
1410.9,-177.8
1414.2,-177.8
1417.4,-177.8
1420.7,-177.8
1424.0,-177.8
1427.2,-177.8
1430.5,-177.8
1433.8,-177.8
1437.1,-177.8
1440.5,-177.8
1443.8,-177.8
1447.1,-177.8
1450.4,-177.8
1453.8,-177.8
1457.1,-177.8
1460.5,-177.8
1463.9,-177.8
1467.2,-177.8
1470.6,-177.8
1474.0,-177.8
1477.4,-177.8
1480.8,-177.8
1484.2,-177.8
1487.6,-177.8
1491.1,-177.8
1494.5,-177.8
1498.0,-177.8
1501.4,-177.8
1504.9,-177.8
1508.3,-177.8
1511.8,-177.8
1515.3,-177.8
1518.8,-177.8
1522.3,-177.8
1525.8,-177.8
1529.3,-177.8
1532.9,-177.8
1536.4,-177.8
1539.9,-177.8
1543.5,-177.8
1547.0,-177.8
1550.6,-177.8
1554.2,-177.8
1557.8,-177.8
1561.3,-177.8
1564.9,-177.8
1568.6,-177.8
1572.2,-177.8
1575.8,-177.8
1579.4,-177.8
1583.1,-177.7
1586.7,-177.7
1590.4,-177.7
1594.0,-177.7
1597.7,-177.7
1601.4,-177.7
1605.1,-177.7
1608.8,-177.7
1612.5,-177.7
1616.2,-177.7
1619.9,-177.7
1623.7,-177.7
1627.4,-177.7
1631.2,-177.7
1634.9,-177.7
1638.7,-177.7
1642.5,-177.7
1646.3,-177.7
1650.1,-177.7
1653.9,-177.7
1657.7,-177.7
1661.5,-177.7
1665.3,-177.7
1669.2,-177.7
1673.0,-177.7
1676.9,-177.7
1680.7,-177.7
1684.6,-177.7
1688.5,-177.7
1692.4,-177.7
1696.3,-177.7
1700.2,-177.7
1704.1,-177.7
1708.0,-177.7
1712.0,-177.7
1715.9,-177.7
1719.9,-177.7
1723.9,-177.7
1727.8,-177.7
1731.8,-177.7
1735.8,-177.7
1739.8,-177.7
1743.8,-177.7
1747.8,-177.7
1751.9,-177.7
1755.9,-177.7
1759.9,-177.7
1764.0,-177.7
1768.1,-177.7
1772.1,-177.7
1776.2,-177.7
1780.3,-177.7
1784.4,-177.7
1788.5,-177.7
1792.7,-177.7
1796.8,-177.7
1800.9,-177.7
1805.1,-177.7
1809.3,-177.7
1813.4,-177.7
1817.6,-177.7
1821.8,-177.7
1826.0,-177.7
1830.2,-177.7
1834.4,-177.7
1838.7,-177.7
1842.9,-177.7
1847.1,-177.7
1851.4,-177.7
1855.7,-177.7
1859.9,-177.7
1864.2,-177.7
1868.5,-177.7
1872.8,-177.7
1877.2,-177.7
1881.5,-177.7
1885.8,-177.7
1890.2,-177.7
1894.5,-177.7
1898.9,-177.7
1903.3,-177.7
1907.7,-177.7
1912.1,-177.7
1916.5,-177.7
1920.9,-177.7
1925.3,-177.7
1929.7,-177.7
1934.2,-177.7
1938.7,-177.7
1943.1,-177.7
1947.6,-177.7
1952.1,-177.7
1956.6,-177.7
1961.1,-177.7
1965.6,-177.7
1970.2,-177.7
1974.7,-177.7
1979.2,-177.7
1983.8,-177.7
1988.4,-177.7
1993.0,-177.7
1997.6,-177.7
2002.2,-177.7
2006.8,-177.7
2011.4,-177.7
2016.0,-177.7
2020.7,-177.7
2025.3,-177.7
2030.0,-177.7
2034.7,-177.7
2039.4,-177.7
2044.1,-177.7
2048.8,-177.7
2053.5,-177.7
2058.3,-177.7
2063.0,-177.7
2067.8,-177.7
2072.5,-177.7
2077.3,-177.7
2082.1,-177.7
2086.9,-177.7
2091.7,-177.7
2096.5,-177.7
2101.4,-177.7
2106.2,-177.7
2111.1,-177.7
2115.9,-177.7
2120.8,-177.7
2125.7,-177.7
2130.6,-177.7
2135.5,-177.7
2140.4,-177.7
2145.4,-177.7
2150.3,-177.7
2155.3,-177.7
2160.2,-177.7
2165.2,-177.7
2170.2,-177.7
2175.2,-177.7
2180.2,-177.7
2185.2,-177.7
2190.3,-177.7
2195.3,-177.7
2200.4,-177.7
2205.5,-177.7
2210.5,-177.7
2215.6,-177.7
2220.8,-177.7
2225.9,-177.7
2231.0,-177.7
2236.1,-177.7
2241.3,-177.7
2246.5,-177.7
2251.6,-177.7
2256.8,-177.7
2262.0,-177.7
2267.3,-177.7
2272.5,-177.7
2277.7,-177.7
2283.0,-177.7
2288.2,-177.7
2293.5,-177.7
2298.8,-177.7
2304.1,-177.7
2309.4,-177.7
2314.7,-177.7
2320.1,-177.7
2325.4,-177.7
2330.8,-177.7
2336.1,-177.7
2341.5,-177.7
2346.9,-177.7
2352.3,-177.7
2357.8,-177.7
2363.2,-177.7
2368.6,-177.7
2374.1,-177.7
2379.6,-177.7
2385.1,-177.7
2390.6,-177.7
2396.1,-177.7
2401.6,-177.7
2407.1,-177.7
2412.7,-177.7
2418.2,-177.7
2423.8,-177.7
2429.4,-177.7
2435.0,-177.7
2440.6,-177.7
2446.2,-177.7
2451.9,-177.7
2457.5,-177.7
2463.2,-177.7
2468.9,-177.6
2474.6,-177.6
2480.3,-177.6
2486.0,-177.6
2491.7,-177.6
2497.5,-177.6
2503.2,-177.6
2509.0,-177.6
2514.8,-177.6
2520.6,-177.6
2526.4,-177.6
2532.2,-177.6
2538.0,-177.6
2543.9,-177.6
2549.8,-177.6
2555.6,-177.6
2561.5,-177.6
2567.4,-177.6
2573.4,-177.6
2579.3,-177.6
2585.2,-177.6
2591.2,-177.6
2597.2,-177.6
2603.2,-177.6
2609.2,-177.6
2615.2,-177.6
2621.2,-177.6
2627.2,-177.6
2633.3,-177.6
2639.4,-177.6
2645.5,-177.6
2651.6,-177.6
2657.7,-177.6
2663.8,-177.6
2669.9,-177.6
2676.1,-177.6
2682.3,-177.6
2688.4,-177.6
2694.6,-177.6
2700.8,-177.6
2707.1,-177.6
2713.3,-177.6
2719.6,-177.6
2725.8,-177.6
2732.1,-177.6
2738.4,-177.6
2744.7,-177.6
2751.1,-177.6
2757.4,-177.6
2763.8,-177.6
2770.1,-177.6
2776.5,-177.6
2782.9,-177.6
2789.3,-177.6
2795.8,-177.6
2802.2,-177.6
2808.7,-177.6
2815.1,-177.6
2821.6,-177.6
2828.1,-177.6
2834.7,-177.6
2841.2,-177.6
2847.7,-177.6
2854.3,-177.6
2860.9,-177.6
2867.5,-177.6
2874.1,-177.6
2880.7,-177.6
2887.4,-177.6
2894.0,-177.6
2900.7,-177.6
2907.4,-177.6
2914.1,-177.6
2920.8,-177.6
2927.5,-177.6
2934.3,-177.6
2941.0,-177.6
2947.8,-177.6
2954.6,-177.6
2961.4,-177.6
2968.2,-177.6
2975.1,-177.6
2981.9,-177.6
2988.8,-177.6
2995.7,-177.6
3002.6,-177.6
3009.5,-177.6
3016.5,-177.6
3023.4,-177.6
3030.4,-177.6
3037.4,-177.6
3044.4,-177.6
3051.4,-177.6
3058.4,-177.6
3065.5,-177.6
3072.6,-177.6
3079.6,-177.6
3086.7,-177.6
3093.9,-177.6
3101.0,-177.6
3108.1,-177.6
3115.3,-177.6
3122.5,-177.6
3129.7,-177.6
3136.9,-177.6
3144.1,-177.6
3151.4,-177.6
3158.6,-177.6
3165.9,-177.6
3173.2,-177.6
3180.5,-177.6
3187.9,-177.6
3195.2,-177.6
3202.6,-177.6
3210.0,-177.6
3217.4,-177.6
3224.8,-177.6
3232.2,-177.6
3239.7,-177.6
3247.1,-177.6
3254.6,-177.6
3262.1,-177.6
3269.6,-177.6
3277.2,-177.6
3284.7,-177.6
3292.3,-177.6
3299.9,-177.6
3307.5,-177.6
3315.1,-177.6
3322.8,-177.6
3330.4,-177.6
3338.1,-177.6
3345.8,-177.6
3353.5,-177.5
3361.2,-177.5
3369.0,-177.5
3376.8,-177.5
3384.5,-177.5
3392.3,-177.5
3400.2,-177.5
3408.0,-177.5
3415.9,-177.5
3423.7,-177.5
3431.6,-177.5
3439.5,-177.5
3447.5,-177.5
3455.4,-177.5
3463.4,-177.5
3471.4,-177.5
3479.4,-177.5
3487.4,-177.5
3495.4,-177.5
3503.5,-177.5
3511.6,-177.5
3519.7,-177.5
3527.8,-177.5
3535.9,-177.5
3544.1,-177.5
3552.2,-177.5
3560.4,-177.5
3568.6,-177.5
3576.8,-177.5
3585.1,-177.5
3593.4,-177.5
3601.6,-177.5
3609.9,-177.5
3618.3,-177.5
3626.6,-177.5
3635.0,-177.5
3643.3,-177.5
3651.7,-177.5
3660.2,-177.5
3668.6,-177.5
3677.1,-177.5
3685.5,-177.5
3694.0,-177.5
3702.5,-177.5
3711.1,-177.5
3719.6,-177.5
3728.2,-177.5
3736.8,-177.5
3745.4,-177.5
3754.0,-177.5
3762.7,-177.5
3771.4,-177.5
3780.1,-177.5
3788.8,-177.5
3797.5,-177.5
3806.3,-177.5
3815.0,-177.5
3823.8,-177.5
3832.7,-177.5
3841.5,-177.5
3850.3,-177.5
3859.2,-177.5
3868.1,-177.5
3877.0,-177.5
3886.0,-177.5
3894.9,-177.5
3903.9,-177.5
3912.9,-177.5
3921.9,-177.5
3931.0,-177.5
3940.0,-177.5
3949.1,-177.5
3958.2,-177.5
3967.3,-177.5
3976.5,-177.5
3985.7,-177.5
3994.8,-177.5
4004.1,-177.5
4013.3,-177.5
4022.5,-177.5
4031.8,-177.5
4041.1,-177.5
4050.4,-177.5
4059.8,-177.5
4069.1,-177.5
4078.5,-177.5
4087.9,-177.5
4097.3,-177.5
4106.8,-177.5
4116.2,-177.5
4125.7,-177.5
4135.2,-177.5
4144.8,-177.5
4154.3,-177.5
4163.9,-177.5
4173.5,-177.5
4183.1,-177.5
4192.8,-177.5
4202.4,-177.5
4212.1,-177.5
4221.8,-177.5
4231.6,-177.5
4241.3,-177.4
4251.1,-177.4
4260.9,-177.4
4270.7,-177.4
4280.6,-177.4
4290.4,-177.4
4300.3,-177.4
4310.2,-177.4
4320.2,-177.4
4330.1,-177.4
4340.1,-177.4
4350.1,-177.4
4360.1,-177.4
4370.2,-177.4
4380.3,-177.4
4390.4,-177.4
4400.5,-177.4
4410.6,-177.4
4420.8,-177.4
4431.0,-177.4
4441.2,-177.4
4451.4,-177.4
4461.7,-177.4
4472.0,-177.4
4482.3,-177.4
4492.6,-177.4
4503.0,-177.4
4513.4,-177.4
4523.8,-177.4
4534.2,-177.4
4544.6,-177.4
4555.1,-177.4
4565.6,-177.4
4576.1,-177.4
4586.7,-177.4
4597.3,-177.4
4607.9,-177.4
4618.5,-177.4
4629.1,-177.4
4639.8,-177.4
4650.5,-177.4
4661.2,-177.4
4672.0,-177.4
4682.7,-177.4
4693.5,-177.4
4704.4,-177.4
4715.2,-177.4
4726.1,-177.4
4737.0,-177.4
4747.9,-177.4
4758.8,-177.4
4769.8,-177.4
4780.8,-177.4
4791.8,-177.4
4802.9,-177.4
4813.9,-177.4
4825.0,-177.4
4836.2,-177.4
4847.3,-177.4
4858.5,-177.4
4869.7,-177.4
4880.9,-177.4
4892.2,-177.4
4903.4,-177.4
4914.7,-177.4
4926.1,-177.4
4937.4,-177.4
4948.8,-177.4
4960.2,-177.4
4971.6,-177.4
4983.1,-177.4
4994.6,-177.4
5006.1,-177.4
5017.6,-177.4
5029.2,-177.4
5040.8,-177.4
5052.4,-177.4
5064.1,-177.4
5075.7,-177.4
5087.4,-177.4
5099.2,-177.4
5110.9,-177.4
5122.7,-177.4
5134.5,-177.3
5146.4,-177.3
5158.2,-177.3
5170.1,-177.3
5182.0,-177.3
5194.0,-177.3
5206.0,-177.3
5218.0,-177.3
5230.0,-177.3
5242.0,-177.3
5254.1,-177.3
5266.2,-177.3
5278.4,-177.3
5290.5,-177.3
5302.7,-177.3
5315.0,-177.3
5327.2,-177.3
5339.5,-177.3
5351.8,-177.3
5364.1,-177.3
5376.5,-177.3
5388.9,-177.3
5401.3,-177.3
5413.8,-177.3
5426.3,-177.3
5438.8,-177.3
5451.3,-177.3
5463.9,-177.3
5476.5,-177.3
5489.1,-177.3
5501.7,-177.3
5514.4,-177.3
5527.1,-177.3
5539.9,-177.3
5552.6,-177.3
5565.4,-177.3
5578.3,-177.3
5591.1,-177.3
5604.0,-177.3
5616.9,-177.3
5629.9,-177.3
5642.9,-177.3
5655.9,-177.3
5668.9,-177.3
5682.0,-177.3
5695.1,-177.3
5708.2,-177.3
5721.4,-177.3
5734.6,-177.3
5747.8,-177.3
5761.0,-177.3
5774.3,-177.3
5787.6,-177.3
5801.0,-177.3
5814.3,-177.3
5827.7,-177.3
5841.2,-177.3
5854.6,-177.3
5868.1,-177.3
5881.7,-177.3
5895.2,-177.3
5908.8,-177.3
5922.4,-177.3
5936.1,-177.3
5949.8,-177.3
5963.5,-177.3
5977.2,-177.3
5991.0,-177.3
6004.8,-177.3
6018.7,-177.2
6032.5,-177.2
6046.4,-177.2
6060.4,-177.2
6074.4,-177.2
6088.4,-177.2
6102.4,-177.2
6116.5,-177.2
6130.6,-177.2
6144.7,-177.2
6158.9,-177.2
6173.1,-177.2
6187.3,-177.2
6201.5,-177.2
6215.8,-177.2
6230.2,-177.2
6244.5,-177.2
6258.9,-177.2
6273.4,-177.2
6287.8,-177.2
6302.3,-177.2
6316.8,-177.2
6331.4,-177.2
6346.0,-177.2
6360.6,-177.2
6375.3,-177.2
6390.0,-177.2
6404.7,-177.2
6419.5,-177.2
6434.3,-177.2
6449.1,-177.2
6464.0,-177.2
6478.9,-177.2
6493.8,-177.2
6508.8,-177.2
6523.8,-177.2
6538.8,-177.2
6553.9,-177.2
6569.0,-177.2
6584.2,-177.2
6599.3,-177.2
6614.5,-177.2
6629.8,-177.2
6645.1,-177.2
6660.4,-177.2
6675.7,-177.2
6691.1,-177.2
6706.6,-177.2
6722.0,-177.2
6737.5,-177.2
6753.1,-177.2
6768.6,-177.2
6784.2,-177.2
6799.9,-177.2
6815.5,-177.2
6831.2,-177.2
6847.0,-177.2
6862.8,-177.2
6878.6,-177.2
6894.5,-177.2
6910.3,-177.1
6926.3,-177.1
6942.2,-177.1
6958.2,-177.1
6974.3,-177.1
6990.4,-177.1
7006.5,-177.1
7022.6,-177.1
7038.8,-177.1
7055.0,-177.1
7071.3,-177.1
7087.6,-177.1
7104.0,-177.1
7120.3,-177.1
7136.7,-177.1
7153.2,-177.1
7169.7,-177.1
7186.2,-177.1
7202.8,-177.1
7219.4,-177.1
7236.0,-177.1
7252.7,-177.1
7269.4,-177.1
7286.2,-177.1
7303.0,-177.1
7319.8,-177.1
7336.7,-177.1
7353.6,-177.1
7370.6,-177.1
7387.5,-177.1
7404.6,-177.1
7421.6,-177.1
7438.8,-177.1
7455.9,-177.1
7473.1,-177.1
7490.3,-177.1
7507.6,-177.1
7524.9,-177.1
7542.2,-177.1
7559.6,-177.1
7577.0,-177.1
7594.5,-177.1
7612.0,-177.1
7629.6,-177.1
7647.2,-177.1
7664.8,-177.1
7682.5,-177.1
7700.2,-177.1
7717.9,-177.1
7735.7,-177.1
7753.5,-177.1
7771.4,-177.1
7789.3,-177.0
7807.3,-177.0
7825.3,-177.0
7843.3,-177.0
7861.4,-177.0
7879.5,-177.0
7897.7,-177.0
7915.9,-177.0
7934.1,-177.0
7952.4,-177.0
7970.8,-177.0
7989.1,-177.0
8007.6,-177.0
8026.0,-177.0
8044.5,-177.0
8063.1,-177.0
8081.6,-177.0
8100.3,-177.0
8119.0,-177.0
8137.7,-177.0
8156.4,-177.0
8175.2,-177.0
8194.1,-177.0
8213.0,-177.0
8231.9,-177.0
8250.9,-177.0
8269.9,-177.0
8289.0,-177.0
8308.1,-177.0
8327.2,-177.0
8346.4,-177.0
8365.7,-177.0
8384.9,-177.0
8404.3,-177.0
8423.6,-177.0
8443.1,-177.0
8462.5,-177.0
8482.0,-177.0
8501.6,-177.0
8521.2,-177.0
8540.8,-177.0
8560.5,-177.0
8580.3,-177.0
8600.0,-177.0
8619.9,-177.0
8639.7,-177.0
8659.6,-177.0
8679.6,-176.9
8699.6,-176.9
8719.7,-176.9
8739.8,-176.9
8759.9,-176.9
8780.1,-176.9
8800.4,-176.9
8820.6,-176.9
8841.0,-176.9
8861.4,-176.9
8881.8,-176.9
8902.3,-176.9
8922.8,-176.9
8943.3,-176.9
8964.0,-176.9
8984.6,-176.9
9005.3,-176.9
9026.1,-176.9
9046.9,-176.9
9067.8,-176.9
9088.7,-176.9
9109.6,-176.9
9130.6,-176.9
9151.7,-176.9
9172.8,-176.9
9193.9,-176.9
9215.1,-176.9
9236.3,-176.9
9257.6,-176.9
9279.0,-176.9
9300.4,-176.9
9321.8,-176.9
9343.3,-176.9
9364.8,-176.9
9386.4,-176.9
9408.1,-176.9
9429.7,-176.9
9451.5,-176.9
9473.3,-176.9
9495.1,-176.9
9517.0,-176.9
9538.9,-176.9
9560.9,-176.8
9583.0,-176.8
9605.1,-176.8
9627.2,-176.8
9649.4,-176.8
9671.6,-176.8
9693.9,-176.8
9716.3,-176.8
9738.7,-176.8
9761.1,-176.8
9783.6,-176.8
9806.2,-176.8
9828.8,-176.8
9851.4,-176.8
9874.2,-176.8
9896.9,-176.8
9919.7,-176.8
9942.6,-176.8
9965.5,-176.8
9988.5,-176.8
10011.5,-176.8
10034.6,-176.8
10057.7,-176.8
10080.9,-176.8
10104.2,-176.8
10127.4,-176.8
10150.8,-176.8
10174.2,-176.8
10197.6,-176.8
10221.2,-176.8
10244.7,-176.8
10268.3,-176.8
10292.0,-176.8
10315.7,-176.8
10339.5,-176.8
10363.3,-176.8
10387.2,-176.8
10411.2,-176.8
10435.2,-176.8
10459.2,-176.8
10483.3,-176.8
10507.5,-176.8
10531.7,-176.8
10556.0,-176.8
10580.3,-176.8
10604.7,-176.8
10629.2,-176.8
10653.7,-176.8
10678.2,-176.8
10702.9,-176.8
10727.5,-176.8
10752.3,-176.8
10777.1,-176.8
10801.9,-176.8
10826.8,-176.8
10851.8,-176.8
10876.8,-176.8
10901.8,-176.8
10927.0,-176.8
10952.2,-176.8
10977.4,-176.8
11002.7,-176.8
11028.1,-176.8
11053.5,-176.8
11079.0,-176.8
11104.5,-176.8
11130.1,-176.7
11155.8,-176.7
11181.5,-176.7
11207.3,-176.7
11233.1,-176.7
11259.0,-176.7
11285.0,-176.7
11311.0,-176.7
11337.0,-176.7
11363.2,-176.7
11389.4,-176.7
11415.6,-176.7
11441.9,-176.7
11468.3,-176.7
11494.8,-176.7
11521.3,-176.7
11547.8,-176.7
11574.4,-176.7
11601.1,-176.7
11627.9,-176.7
11654.7,-176.7
11681.5,-176.7
11708.5,-176.7
11735.5,-176.7
11762.5,-176.7
11789.6,-176.7
11816.8,-176.7
11844.0,-176.7
11871.3,-176.7
11898.7,-176.7
11926.1,-176.7
11953.6,-176.7
11981.2,-176.7
12008.8,-176.7
12036.5,-176.7
12064.2,-176.7
12092.1,-176.7
12119.9,-176.7
12147.9,-176.7
12175.9,-176.7
12203.9,-176.7
12232.1,-176.7
12260.3,-176.7
12288.5,-176.7
12316.9,-176.7
12345.3,-176.7
12373.7,-176.7
12402.2,-176.7
12430.8,-176.7
12459.5,-176.7
12488.2,-176.7
12517.0,-176.7
12545.8,-176.7
12574.8,-176.7
12603.8,-176.7
12632.8,-176.7
12661.9,-176.7
12691.1,-176.7
12720.4,-176.7
12749.7,-176.7
12779.1,-176.7
12808.6,-176.7
12838.1,-176.7
12867.7,-176.7
12897.3,-176.7
12927.1,-176.7
12956.9,-176.7
12986.7,-176.7
13016.7,-176.7
13046.7,-176.7
13076.8,-176.7
13106.9,-176.7
13137.1,-176.7
13167.4,-176.7
13197.8,-176.7
13228.2,-176.7
13258.7,-176.7
13289.2,-176.7
13319.9,-176.7
13350.6,-176.7
13381.4,-176.6
13412.2,-176.6
13443.1,-176.6
13474.1,-176.6
13505.2,-176.6
13536.3,-176.6
13567.5,-176.6
13598.8,-176.6
13630.1,-176.6
13661.6,-176.6
13693.0,-176.6
13724.6,-176.6
13756.2,-176.6
13788.0,-176.6
13819.7,-176.6
13851.6,-176.6
13883.5,-176.6
13915.5,-176.6
13947.6,-176.6
13979.8,-176.6
14012.0,-176.6
14044.3,-176.6
14076.7,-176.6
14109.1,-176.6
14141.6,-176.6
14174.2,-176.6
14206.9,-176.6
14239.7,-176.6
14272.5,-176.6
14305.4,-176.6
14338.4,-176.6
14371.4,-176.6
14404.6,-176.6
14437.8,-176.6
14471.0,-176.6
14504.4,-176.6
14537.8,-176.6
14571.4,-176.6
14604.9,-176.6
14638.6,-176.6
14672.4,-176.6
14706.2,-176.6
14740.1,-176.6
14774.1,-176.6
14808.1,-176.6
14842.3,-176.6
14876.5,-176.6
14910.8,-176.6
14945.1,-176.6
14979.6,-176.6
15014.1,-176.6
15048.7,-176.6
15083.4,-176.6
15118.2,-176.6
15153.0,-176.6
15188.0,-176.6
15223.0,-176.6
15258.1,-176.6
15293.3,-176.6
15328.5,-176.6
15363.8,-176.6
15399.3,-176.6
15434.8,-176.6
15470.3,-176.6
15506.0,-176.6
15541.8,-176.6
15577.6,-176.6
15613.5,-176.5
15649.5,-176.5
15685.6,-176.5
15721.7,-176.5
15758.0,-176.5
15794.3,-176.5
15830.7,-176.5
15867.2,-176.5
15903.8,-176.5
15940.4,-176.5
15977.2,-176.5
16014.0,-176.5
16050.9,-176.5
16087.9,-176.5
16125.0,-176.5
16162.2,-176.5
16199.4,-176.5
16236.8,-176.5
16274.2,-176.5
16311.7,-176.5
16349.3,-176.5
16387.0,-176.5
16424.8,-176.5
16462.7,-176.5
16500.6,-176.5
16538.6,-176.5
16576.8,-176.5
16615.0,-176.5
16653.3,-176.5
16691.7,-176.5
16730.2,-176.5
16768.7,-176.5
16807.4,-176.5
16846.1,-176.5
16885.0,-176.5
16923.9,-176.5
16962.9,-176.5
17002.0,-176.5
17041.2,-176.5
17080.5,-176.5
17119.9,-176.5
17159.3,-176.5
17198.9,-176.5
17238.5,-176.5
17278.3,-176.5
17318.1,-176.5
17358.0,-176.5
17398.0,-176.5
17438.1,-176.5
17478.3,-176.5
17518.6,-176.5
17559.0,-176.5
17599.5,-176.5
17640.1,-176.5
17680.7,-176.5
17721.5,-176.5
17762.3,-176.5
17803.3,-176.5
17844.3,-176.5
17885.5,-176.4
17926.7,-176.4
17968.0,-176.4
18009.4,-176.4
18050.9,-176.4
18092.6,-176.4
18134.3,-176.4
18176.1,-176.4
18218.0,-176.4
18260.0,-176.4
18302.1,-176.4
18344.3,-176.4
18386.5,-176.4
18428.9,-176.4
18471.4,-176.4
18514.0,-176.4
18556.7,-176.4
18599.4,-176.4
18642.3,-176.4
18685.3,-176.4
18728.4,-176.4
18771.5,-176.4
18814.8,-176.4
18858.2,-176.4
18901.7,-176.4
18945.2,-176.4
18988.9,-176.4
19032.7,-176.4
19076.6,-176.4
19120.5,-176.4
19164.6,-176.4
19208.8,-176.4
19253.1,-176.4
19297.5,-176.4
19341.9,-176.4
19386.5,-176.4
19431.2,-176.4
19476.0,-176.4
19520.9,-176.4
19565.9,-176.4
19611.0,-176.4
19656.2,-176.4
19701.5,-176.4
19746.9,-176.4
19792.5,-176.4
19838.1,-176.4
19883.8,-176.4
19929.7,-176.4
19975.6,-176.4
20021.7,-176.4
20067.8,-176.4
20114.1,-176.4
20160.4,-176.4
20206.9,-176.4
20253.5,-176.4
20300.2,-176.4
20347.0,-176.4
20393.9,-176.4
20440.9,-176.4
20488.0,-176.4
20535.3,-176.4
20582.6,-176.4
20630.0,-176.4
20677.6,-176.4
20725.3,-176.4
20773.0,-176.4
20820.9,-176.4
20868.9,-176.4
20917.0,-176.4
20965.2,-176.4
21013.6,-176.4
21062.0,-176.4
21110.6,-176.4
21159.2,-176.4
21208.0,-176.4
21256.9,-176.4
21305.9,-176.4
21355.0,-176.4
21404.2,-176.4
21453.6,-176.4
21503.0,-176.4
21552.6,-176.5
21602.3,-176.5
21652.1,-176.5
21702.0,-176.5
21752.0,-176.5
21802.2,-176.5
21852.4,-176.5
21902.8,-176.5
21953.3,-176.5
22003.9,-176.5
22054.6,-176.5
22105.5,-176.5
22156.4,-176.5
22207.5,-176.5
22258.7,-176.5
22310.0,-176.5
22361.5,-176.5
22413.0,-176.5
22464.7,-176.5
22516.5,-176.5
22568.4,-176.5
22620.4,-176.5
22672.5,-176.5
22724.8,-176.5
22777.2,-176.5
22829.7,-176.5
22882.3,-176.5
22935.1,-176.5
22987.9,-176.6
23040.9,-176.6
23094.0,-176.6
23147.3,-176.6
23200.6,-176.6
23254.1,-176.6
23307.7,-176.6
23361.5,-176.6
23415.3,-176.6
23469.3,-176.6
23523.4,-176.6
23577.6,-176.6
23632.0,-176.6
23686.5,-176.6
23741.1,-176.6
23795.8,-176.6
23850.6,-176.6
23905.6,-176.6
23960.7,-176.6
24016.0,-176.6
24071.3,-176.6
24126.8,-176.6
24182.4,-176.6
24238.2,-176.6
24294.1,-176.6
24350.1,-176.6
24406.2,-176.7
24462.5,-176.7
24518.8,-176.7
24575.4,-176.7
24632.0,-176.7
24688.8,-176.7
24745.7,-176.7
24802.8,-176.7
24859.9,-176.7
24917.2,-176.7
24974.7,-176.7
25032.3,-176.7
25090.0,-176.7
25147.8,-176.7
25205.8,-176.7
25263.9,-176.7
25322.1,-176.7
25380.5,-176.7
25439.0,-176.7
25497.6,-176.7
25556.4,-176.7
25615.3,-176.7
25674.4,-176.7
25733.6,-176.7
25792.9,-176.7
25852.3,-176.8
25911.9,-176.8
25971.7,-176.8
26031.5,-176.8
26091.6,-176.8
26151.7,-176.8
26212.0,-176.8
26272.4,-176.8
26333.0,-176.8
26393.7,-176.8
26454.5,-176.8
26515.5,-176.8
26576.6,-176.8
26637.9,-176.8
26699.3,-176.8
26760.9,-176.8
26822.5,-176.8
26884.4,-176.8
26946.4,-176.8
27008.5,-176.8
27070.7,-176.8
27133.1,-176.8
27195.7,-176.8
27258.4,-176.9
27321.2,-176.9
27384.2,-176.9
27447.3,-176.9
27510.6,-176.9
27574.0,-176.9
27637.6,-176.9
27701.3,-176.9
27765.1,-176.9
27829.2,-176.9
27893.3,-176.9
27957.6,-176.9
28022.1,-176.9
28086.7,-176.9
28151.4,-176.9
28216.3,-176.9
28281.3,-176.9
28346.5,-176.9
28411.9,-176.9
28477.4,-176.9
28543.0,-176.9
28608.8,-176.9
28674.8,-177.0
28740.9,-177.0
28807.1,-177.0
28873.5,-177.0
28940.1,-177.0
29006.8,-177.0
29073.7,-177.0
29140.7,-177.0
29207.9,-177.0
29275.2,-177.0
29342.7,-177.0
29410.3,-177.0
29478.1,-177.0
29546.1,-177.0
29614.2,-177.0
29682.5,-177.0
29750.9,-177.0
29819.5,-177.0
29888.2,-177.0
29957.1,-177.0
30026.2,-177.0
30095.4,-177.0
30164.8,-177.1
30234.3,-177.1
30304.0,-177.1
30373.9,-177.1
30443.9,-177.1
30514.1,-177.1
30584.4,-177.1
30654.9,-177.1
30725.6,-177.1
30796.4,-177.1
30867.4,-177.1
30938.6,-177.1
31009.9,-177.1
31081.4,-177.1
31153.0,-177.1
31224.8,-177.1
31296.8,-177.1
31369.0,-177.1
31441.3,-177.1
31513.7,-177.1
31586.4,-177.1
31659.2,-177.1
31732.2,-177.1
31805.3,-177.1
31878.7,-177.1
31952.1,-177.1
32025.8,-177.1
32099.6,-177.1
32173.6,-177.1
32247.8,-177.1
32322.1,-177.1
32396.6,-177.1
32471.3,-177.1
32546.2,-177.1
32621.2,-177.1
32696.4,-177.1
32771.8,-177.1
32847.3,-177.1
32923.0,-177.1
32998.9,-177.1
33075.0,-177.1
33151.3,-177.1
33227.7,-177.1
33304.3,-177.1
33381.1,-177.1
33458.0,-177.1
33535.1,-177.2
33612.4,-177.2
33689.9,-177.2
33767.6,-177.2
33845.4,-177.2
33923.4,-177.2
34001.7,-177.2
34080.0,-177.2
34158.6,-177.2
34237.3,-177.2
34316.3,-177.2
34395.4,-177.2
34474.7,-177.2
34554.1,-177.2
34633.8,-177.2
34713.6,-177.2
34793.7,-177.2
34873.9,-177.2
34954.3,-177.2
35034.8,-177.2
35115.6,-177.2
35196.5,-177.2
35277.7,-177.2
35359.0,-177.2
35440.5,-177.2
35522.2,-177.2
35604.1,-177.2
35686.2,-177.2
35768.4,-177.2
35850.9,-177.2
35933.5,-177.2
36016.4,-177.2
36099.4,-177.2
36182.6,-177.2
36266.0,-177.2
36349.6,-177.2
36433.4,-177.2
36517.4,-177.2
36601.6,-177.2
36686.0,-177.2
36770.5,-177.2
36855.3,-177.3
36940.3,-177.3
37025.4,-177.3
37110.8,-177.3
37196.3,-177.3
37282.1,-177.3
37368.0,-177.3
37454.2,-177.3
37540.5,-177.3
37627.0,-177.3
37713.8,-177.3
37800.7,-177.3
37887.9,-177.3
37975.2,-177.3
38062.7,-177.3
38150.5,-177.3
38238.4,-177.3
38326.6,-177.3
38414.9,-177.3
38503.5,-177.3
38592.2,-177.3
38681.2,-177.3
38770.4,-177.3
38859.7,-177.3
38949.3,-177.3
39039.1,-177.3
39129.1,-177.3
39219.3,-177.3
39309.7,-177.3
39400.3,-177.3
39491.2,-177.3
39582.2,-177.3
39673.5,-177.3
39764.9,-177.3
39856.6,-177.3
39948.5,-177.3
40040.5,-177.3
40132.8,-177.3
40225.4,-177.3
40318.1,-177.3
40411.0,-177.3
40504.2,-177.3
40597.6,-177.3
40691.2,-177.3
40785.0,-177.3
40879.0,-177.3
40973.2,-177.3
41067.7,-177.3
41162.3,-177.3
41257.2,-177.3
41352.3,-177.3
41447.7,-177.3
41543.2,-177.3
41639.0,-177.3
41735.0,-177.3
41831.2,-177.3
41927.6,-177.3
42024.3,-177.3
42121.1,-177.3
42218.2,-177.3
42315.6,-177.3
42413.1,-177.3
42510.9,-177.3
42608.9,-177.3
42707.1,-177.3
42805.5,-177.3
42904.2,-177.3
43003.1,-177.3
43102.3,-177.3
43201.6,-177.3
43301.2,-177.3
43401.0,-177.3
43501.1,-177.3
43601.4,-177.3
43701.9,-177.3
43802.6,-177.3
43903.6,-177.3
44004.8,-177.3
44106.2,-177.3
44207.9,-177.3
44309.8,-177.3
44412.0,-177.3
44514.3,-177.3
44617.0,-177.3
44719.8,-177.3
44822.9,-177.3
44926.2,-177.3
45029.8,-177.3
45133.6,-177.3
45237.6,-177.3
45341.9,-177.3
45446.5,-177.3
45551.2,-177.3
45656.2,-177.3
45761.5,-177.3
45867.0,-177.3
45972.7,-177.3
46078.7,-177.3
46184.9,-177.3
46291.4,-177.3
46398.1,-177.3
46505.0,-177.3
46612.2,-177.3
46719.7,-177.3
46827.4,-177.3
46935.3,-177.3
47043.5,-177.3
47152.0,-177.3
47260.7,-177.3
47369.6,-177.3
47478.8,-177.3
47588.3,-177.3
47698.0,-177.3
47807.9,-177.3
47918.1,-177.3
48028.6,-177.3
48139.3,-177.3
48250.3,-177.3
48361.5,-177.3
48473.0,-177.3
48584.8,-177.3
48696.8,-177.3
48809.0,-177.3
48921.5,-177.3
49034.3,-177.3
49147.3,-177.3
49260.6,-177.3
49374.2,-177.3
49488.0,-177.3
49602.1,-177.3
49716.4,-177.3
49831.0,-177.3
49945.9,-177.3
50061.1,-177.3
50176.5,-177.3
50292.1,-177.3
50408.1,-177.3
50524.3,-177.3
50640.7,-177.3
50757.5,-177.3
50874.5,-177.4
50991.8,-177.4
51109.3,-177.4
51227.1,-177.4
51345.2,-177.4
51463.6,-177.4
51582.2,-177.4
51701.1,-177.4
51820.3,-177.4
51939.8,-177.4
52059.5,-177.4
52179.5,-177.4
52299.8,-177.5
52420.4,-177.5
52541.2,-177.5
52662.3,-177.5
52783.7,-177.5
52905.4,-177.5
53027.4,-177.5
53149.6,-177.5
53272.1,-177.5
53394.9,-177.5
53518.0,-177.5
53641.4,-177.6
53765.0,-177.6
53889.0,-177.6
54013.2,-177.6
54137.7,-177.6
54262.5,-177.6
54387.6,-177.6
54513.0,-177.6
54638.7,-177.6
54764.6,-177.6
54890.9,-177.7
55017.4,-177.7
55144.2,-177.7
55271.3,-177.7
55398.8,-177.7
55526.5,-177.7
55654.5,-177.7
55782.8,-177.7
55911.4,-177.7
56040.2,-177.7
56169.4,-177.7
56298.9,-177.8
56428.7,-177.8
56558.8,-177.8
56689.2,-177.8
56819.8,-177.8
56950.8,-177.8
57082.1,-177.8
57213.7,-177.8
57345.6,-177.8
57477.8,-177.8
57610.3,-177.9
57743.1,-177.9
57876.2,-177.9
58009.6,-177.9
58143.3,-177.9
58277.4,-177.9
58411.7,-177.9
58546.4,-177.9
58681.3,-177.9
58816.6,-177.9
58952.2,-178.0
59088.1,-178.0
59224.3,-178.0
59360.8,-178.0
59497.7,-178.0
59634.8,-178.0
59772.3,-178.0
59910.1,-178.0
60048.2,-178.0
60186.6,-178.0
60325.4,-178.0
60464.4,-178.0
60603.8,-178.0
60743.5,-178.0
60883.6,-178.0
61023.9,-178.0
61164.6,-178.0
61305.6,-178.0
61446.9,-178.0
61588.6,-178.0
61730.5,-178.0
61872.8,-178.0
62015.5,-178.0
62158.4,-178.0
62301.7,-178.0
62445.3,-178.0
62589.3,-178.0
62733.6,-178.0
62878.2,-178.0
63023.1,-178.0
63168.4,-178.0
63314.0,-178.0
63460.0,-178.0
63606.3,-178.0
63752.9,-178.0
63899.9,-178.0
64047.2,-178.0
64194.8,-178.0
64342.8,-178.0
64491.1,-178.0
64639.8,-178.0
64788.8,-178.0
64938.2,-178.0
65087.9,-178.0
65237.9,-178.0
65388.3,-178.0
65539.0,-178.0
65690.1,-178.0
65841.5,-178.0
65993.3,-178.0
66145.5,-178.0
66297.9,-178.0
66450.8,-178.0
66604.0,-178.0
66757.5,-178.0
66911.4,-178.0
67065.6,-178.0
67220.2,-178.0
67375.2,-178.0
67530.5,-178.0
67686.2,-178.0
67842.2,-178.0
67998.6,-178.0
68155.4,-178.0
68312.5,-178.0
68469.9,-178.0
68627.8,-178.0
68786.0,-178.0
68944.6,-178.0
69103.5,-178.0
69262.8,-178.0
69422.5,-178.0
69582.5,-178.0
69742.9,-178.0
69903.7,-178.0
70064.8,-178.0
70226.3,-178.0
70388.2,-178.0
70550.5,-178.0
70713.1,-178.0
70876.1,-178.0
71039.5,-178.0
71203.3,-178.0
71367.4,-178.0
71531.9,-178.0
71696.8,-178.1
71862.1,-178.1
72027.8,-178.1
72193.8,-178.1
72360.2,-178.1
72527.0,-178.1
72694.2,-178.1
72861.8,-178.1
73029.8,-178.1
73198.1,-178.1
73366.9,-178.1
73536.0,-178.1
73705.5,-178.1
73875.4,-178.1
74045.7,-178.1
74216.4,-178.2
74387.5,-178.2
74559.0,-178.2
74730.9,-178.2
74903.1,-178.2
75075.8,-178.2
75248.9,-178.2
75422.3,-178.2
75596.2,-178.2
75770.5,-178.2
75945.1,-178.2
76120.2,-178.2
76295.7,-178.2
76471.6,-178.2
76647.9,-178.3
76824.5,-178.3
77001.6,-178.3
77179.2,-178.3
77357.1,-178.3
77535.4,-178.3
77714.1,-178.3
77893.3,-178.3
78072.8,-178.3
78252.8,-178.3
78433.2,-178.3
78614.0,-178.3
78795.2,-178.3
78976.9,-178.3
79158.9,-178.4
79341.4,-178.4
79524.3,-178.4
79707.6,-178.4
79891.4,-178.4
80075.6,-178.4
80260.2,-178.4
80445.2,-178.4
80630.6,-178.4
80816.5,-178.4
81002.8,-178.4
81189.5,-178.4
81376.7,-178.4
81564.3,-178.5
81752.3,-178.5
81940.8,-178.5
82129.7,-178.5
82319.0,-178.5
82508.7,-178.5
82699.0,-178.5
82889.6,-178.5
83080.7,-178.5
83272.2,-178.5
83464.2,-178.5
83656.6,-178.5
83849.4,-178.6
84042.7,-178.6
84236.4,-178.6
84430.6,-178.6
84625.3,-178.6
84820.3,-178.6
85015.9,-178.6
85211.9,-178.6
85408.3,-178.6
85605.2,-178.6
85802.5,-178.6
86000.3,-178.7
86198.6,-178.7
86397.3,-178.7
86596.4,-178.7
86796.1,-178.7
86996.1,-178.7
87196.7,-178.7
87397.7,-178.7
87599.2,-178.7
87801.1,-178.7
88003.5,-178.7
88206.4,-178.8
88409.7,-178.8
88613.5,-178.8
88817.8,-178.8
89022.5,-178.8
89227.8,-178.8
89433.5,-178.8
89639.6,-178.8
89846.3,-178.8
90053.4,-178.8
90261.0,-178.8
90469.0,-178.9
90677.6,-178.9
90886.6,-178.9
91096.1,-178.9
91306.1,-179.0
91516.6,-179.0
91727.6,-179.0
91939.0,-179.1
92151.0,-179.1
92363.4,-179.1
92576.3,-179.2
92789.7,-179.2
93003.7,-179.2
93218.0,-179.2
93432.9,-179.3
93648.3,-179.3
93864.2,-179.3
94080.6,-179.4
94297.5,-179.4
94514.8,-179.4
94732.7,-179.5
94951.1,-179.5
95170.0,-179.5
95389.4,-179.5
95609.3,-179.6
95829.7,-179.6
96050.6,-179.6
96272.0,-179.7
96493.9,-179.7
96716.4,-179.7
96939.3,-179.8
97162.8,-179.8
97386.8,-179.8
97611.3,-179.9
97836.3,-179.9
98061.8,-179.9
98287.9,-180.0
98514.5,-180.0
98741.6,-180.0
98969.2,-180.0
99197.3,-180.1
99426.0,-180.1
99655.2,-180.1
99884.9,-180.2
100115.2,-180.2
100346.0,-180.2
100577.3,-180.3
100809.2,-180.3
101041.6,-180.3
101274.5,-180.3
101507.9,-180.3
101741.9,-180.3
101976.5,-180.3
102211.6,-180.3
102447.2,-180.3
102683.3,-180.3
102920.1,-180.3
103157.3,-180.3
103395.1,-180.3
103633.5,-180.3
103872.4,-180.3
104111.8,-180.3
104351.8,-180.3
104592.4,-180.4
104833.5,-180.4
105075.1,-180.4
105317.4,-180.4
105560.2,-180.4
105803.5,-180.4
106047.4,-180.4
106291.9,-180.4
106536.9,-180.4
106782.5,-180.4
107028.6,-180.4
107275.4,-180.4
107522.7,-180.4
107770.5,-180.4
108019.0,-180.4
108268.0,-180.4
108517.6,-180.5
108767.7,-180.5
109018.4,-180.5
109269.8,-180.5
109521.7,-180.5
109774.1,-180.5
110027.2,-180.5
110280.8,-180.5
110535.0,-180.5
110789.9,-180.5
111045.3,-180.5
111301.2,-180.4
111557.8,-180.4
111815.0,-180.4
112072.7,-180.4
112331.1,-180.4
112590.0,-180.4
112849.6,-180.4
113109.7,-180.3
113370.5,-180.3
113631.8,-180.3
113893.8,-180.3
114156.3,-180.3
114419.5,-180.3
114683.3,-180.2
114947.6,-180.2
115212.6,-180.2
115478.2,-180.2
115744.4,-180.2
116011.2,-180.2
116278.7,-180.2
116546.7,-180.1
116815.4,-180.1
117084.7,-180.1
117354.6,-180.1
117625.1,-180.1
117896.3,-180.1
118168.0,-180.0
118440.4,-180.0
118713.5,-180.0
118987.1,-180.0
119261.4,-180.0
119536.4,-180.0
119811.9,-179.9
120088.1,-179.9
120364.9,-179.9
120642.4,-179.9
120920.5,-179.9
121199.3,-179.9
121478.7,-179.9
121758.7,-179.9
122039.4,-179.9
122320.7,-179.9
122602.7,-180.0
122885.3,-180.0
123168.6,-180.0
123452.5,-180.0
123737.1,-180.0
124022.4,-180.0
124308.3,-180.0
124594.8,-180.0
124882.0,-180.0
125169.9,-180.0
125458.5,-180.0
125747.7,-180.0
126037.6,-180.0
126328.1,-180.0
126619.3,-180.1
126911.2,-180.1
127203.8,-180.1
127497.0,-180.1
127790.9,-180.1
128000.0,-180.1
